url,page_title,h1,word_count,content_type,inbound_internal_links,last_modified,source_file,status,notes
https://github.com/kiralygyula92/react-globe,react-globe,react-globe,324,how-to,0,2026-09-15,README.md,private (GitHub API 404 anonymously),"Repository home. Contributor docs: Layout, Development, Releasing, Data sources, License (5 H2). Links to packages/globe/README.md and LICENSE. Secondary types: install (dev setup), legal."
https://github.com/kiralygyula92/react-globe/blob/main/packages/globe/README.md,react-globe,react-globe,2480,reference,1,2026-09-15,packages/globe/README.md,private repo; npm page not published,"De-facto product documentation. Mega-page: 9 H2 / 10 H3 / 2480 words (exceeds PPDS 8 H2 / ~2000 words). Mixed content: marketing bullets, install, how-to (Use, Vite, Globe vs GlobeLazy), hand-maintained reference tables (Props x7, GlobeHandle, Theming tokens, Assets sources), customization (Render overrides, Theming), guides (Performance contract, Accessibility). Would render at https://www.npmjs.com/package/react-globe on publish, but that URL currently shows an unrelated package (see GAPS.md G-01)."
https://github.com/kiralygyula92/react-globe/blob/main/packages/globe/CHANGELOG.md,Changelog,Changelog,105,changelog,0,2026-09-15,packages/globe/CHANGELOG.md,private repo; shipped in npm tarball,"Single entry 1.0.0 - Unreleased. Keep a Changelog + SemVer policy stated. Not linked from either README (root README names the path in prose only)."
https://github.com/kiralygyula92/react-globe/blob/main/LICENSE,LICENSE,,168,legal,1,2026-09-15,LICENSE,private repo,MIT. Linked from root README.
https://github.com/kiralygyula92/react-globe/blob/main/packages/globe/LICENSE,LICENSE,,168,legal,0,2026-09-15,packages/globe/LICENSE,private repo; shipped in npm tarball,Byte-identical copy of root LICENSE so it ships in the package. No inbound links.
http://localhost:5173/,Globe playground,Globe playground,94,capability,1,2026-09-15,apps/demo/src/GlobePlayground.tsx,dev server only (not hosted),"Interactive demo: full-viewport globe + control panel with a live control for every GlobeProps member, render-override toggles, GlobeHandle action buttons and an event log. Word count = UI strings. Also the Playwright e2e target. Inbound link from /blank."
http://localhost:5173/blank,Globe playground,,4,orphan,1,2026-09-15,apps/demo/src/main.tsx,dev server only (not hosted),"Test fixture route for the unmount/leak e2e test. Only content: link 'Back to the playground'. Shares the document <title> of the playground; no H1."
(none - repository file only),Globe → standalone package,Globe → standalone package,298,how-to,1,2026-09-10,docs/globe-package/README.md @ a2ec317,removed in 7f39b13; never published,"Index of the extraction specification. Removed by owner instruction because it described the originating application. Inbound link from the a2ec317 root README. See GAPS.md G-14."
(none - repository file only),React Globe — standalone package specification,React Globe — standalone package specification,1568,how-to,1,2026-09-10,docs/globe-package/00-OVERVIEW.md @ a2ec317,removed in 7f39b13; never published,Build plan and repo layout for the extraction. See GAPS.md G-14.
(none - repository file only),01 — Public API,01 — Public API,4079,reference,1,2026-09-10,docs/globe-package/01-PUBLIC-API.md @ a2ec317,removed in 7f39b13; never published,Hand-written API spec (types + defaults). See GAPS.md G-14.
(none - repository file only),02 — Architecture and implementation,02 — Architecture and implementation,8215,reference,1,2026-09-10,docs/globe-package/02-ARCHITECTURE.md @ a2ec317,removed in 7f39b13; never published,Internals: engine / layers / overlays / frame loop. See GAPS.md G-14.
(none - repository file only),03 — The four render styles,03 — The four render styles,4810,reference,1,2026-09-10,docs/globe-package/03-RENDER-STYLES.md @ a2ec317,removed in 7f39b13; never published,Shader and palette internals. See GAPS.md G-14.
(none - repository file only),04 — Assets,04 — Assets,1143,reference,1,2026-09-10,docs/globe-package/04-ASSETS.md @ a2ec317,removed in 7f39b13; never published,"Asset sources and licences; superseded (textures replaced in 7f39b13). See GAPS.md G-14."
(none - repository file only),05 — The demo application,05 — The demo application,2521,how-to,1,2026-09-10,docs/globe-package/05-DEMO-APP.md @ a2ec317,removed in 7f39b13; never published,Demo app spec. See GAPS.md G-14.
(none - repository file only),06 — Testing,06 — Testing,1897,how-to,1,2026-09-10,docs/globe-package/06-TESTING.md @ a2ec317,removed in 7f39b13; never published,Test plan. See GAPS.md G-14.
(none - repository file only),07 — Packaging for npm,07 — Packaging for npm,1361,how-to,1,2026-09-10,docs/globe-package/07-PACKAGING.md @ a2ec317,removed in 7f39b13; never published,Build/packaging spec. See GAPS.md G-14.
(none - repository file only),08 — Step-by-step: using the globe in another application,08 — Step-by-step: using the globe in another application,2195,install,1,2026-09-10,docs/globe-package/08-CONSUMER-GUIDE.md @ a2ec317,removed in 7f39b13; never published,Consumer install/usage guide. See GAPS.md G-14.
