legacy_url,expected_status,expected_location,actual_status,actual_location,result,note
"https://github.com/kiralygyula92/react-globe",,,,,EXEMPT,"E-03: repository-hosted, stays live"
"https://github.com/kiralygyula92/react-globe/blob/main/packages/globe/README.md",,,,,EXEMPT,"E-03: repository-hosted, stays live"
"https://github.com/kiralygyula92/react-globe/blob/main/packages/globe/CHANGELOG.md",,,,,EXEMPT,"E-03: repository-hosted, stays live"
"https://github.com/kiralygyula92/react-globe/blob/main/LICENSE",,,,,EXEMPT,"E-03: repository-hosted, stays live"
"https://github.com/kiralygyula92/react-globe/blob/main/packages/globe/LICENSE",,,,,EXEMPT,"E-03: repository-hosted, stays live"
"http://localhost:5173/",,,,,EXEMPT,"E-08: local dev server only"
"http://localhost:5173/blank",,,,,EXEMPT,"E-08: local dev server only"
"docs/globe-package/README.md @ a2ec317",,,,,EXEMPT,"E-04: never had a route"
"docs/globe-package/00-OVERVIEW.md @ a2ec317",,,,,EXEMPT,"E-04: never had a route"
"docs/globe-package/01-PUBLIC-API.md @ a2ec317",,,,,EXEMPT,"E-04: never had a route"
"docs/globe-package/02-ARCHITECTURE.md @ a2ec317",,,,,EXEMPT,"E-04: never had a route"
"docs/globe-package/03-RENDER-STYLES.md @ a2ec317",,,,,EXEMPT,"E-04: never had a route"
"docs/globe-package/04-ASSETS.md @ a2ec317",,,,,EXEMPT,"E-04: never had a route"
"docs/globe-package/05-DEMO-APP.md @ a2ec317",,,,,EXEMPT,"E-04: never had a route"
"docs/globe-package/06-TESTING.md @ a2ec317",,,,,EXEMPT,"E-04: never had a route"
"docs/globe-package/07-PACKAGING.md @ a2ec317",,,,,EXEMPT,"E-04: never had a route"
"docs/globe-package/08-CONSUMER-GUIDE.md @ a2ec317",,,,,EXEMPT,"E-04: never had a route"
"/react-globe/getting-started/",301,"/react-globe/",301,"/react-globe/",PASS,"verified over HTTP against the host-like server; re-run against production once hosted (GAPS G-18)"
"/",302,"/react-globe/",302,"/react-globe/",PASS,"site root → docs root until a marketing surface exists (E-02, E-09)"
