legacy_source,legacy_heading,target_url,target_slot,action,notes
packages/globe/README.md,(intro bullets),/react-globe/,## Why React Globe,rewrite,"Benefit bullets; drop '5 000 pins at an interactive frame rate' and 'approximately nothing per frame' until measured (GAPS G-07)."
packages/globe/README.md,(intro bullets),/react-globe/all-features/,scope paragraphs,rewrite,
packages/globe/README.md,Install,/react-globe/getting-started/installation/,Installation (tabbed) + stylesheet import,port,Peer-dependency line → /react-globe/getting-started/requirements/ as TODO until verified (GAPS G-08).
packages/globe/README.md,Use,/react-globe/getting-started/usage/,Minimal working example,port,
packages/globe/README.md,Use › Vite dev server,/react-globe/integrations/vite/,body,port,
packages/globe/README.md,Use › Globe or GlobeLazy,/react-globe/lazy-loading/,## Basics + ## Limitations,port,Barrel re-export defeats the split → Limitation with the dynamic-import workaround.
packages/globe/README.md,Props › Sizing,/react-globe/api/globe/,generated Props table,generate,Hand-written table retired after Phase 4.
packages/globe/README.md,Props › Sizing,/react-globe/globe/,### variants (size),port,Prose only.
packages/globe/README.md,Props › Camera and interaction,/react-globe/api/globe/,generated Props table,generate,
packages/globe/README.md,Props › Camera and interaction,/react-globe/camera/,## Basics / ### controlled vs uncontrolled,port,"zoom-is-distance, field of view and 'Home' prose."
packages/globe/README.md,Props › Camera and interaction,/react-globe/gestures/,## Basics / ### variants,port,Add undocumented pinch zoom and context-menu behaviour (GAPS G-04); no canvas keyboard control → ## Limitations.
packages/globe/README.md,Props › Camera and interaction,/react-globe/controls/,## Basics + ## Customization,port,
packages/globe/README.md,Props › Geography,/react-globe/api/globe/,generated Props table,generate,
packages/globe/README.md,Props › Geography,/react-globe/borders/,## Basics,port,
packages/globe/README.md,Props › Geography,/react-globe/country-names/,## Basics + ### min zoom,port,
packages/globe/README.md,Props › Geography,/react-globe/capitals/,## Basics + ### min zoom,port,
packages/globe/README.md,Props › Geography,/react-globe/country-interaction/,## Basics + ### highlight colour,port,
packages/globe/README.md,Props › Geography,/react-globe/graticule/,## Basics + ### labels,port,
packages/globe/README.md,Props › Appearance,/react-globe/api/globe/,generated Props table,generate,
packages/globe/README.md,Props › Appearance,/react-globe/render-styles/,## Basics + ### style / ### colour scheme / ### clouds,port,
packages/globe/README.md,Props › Appearance,/react-globe/background/,## Basics + ### CSS variables,port,
packages/globe/README.md,Props › Appearance,/react-globe/custom-assets/,## Basics,port,Narrow the 'any texture or dataset' claim (GAPS G-03).
packages/globe/README.md,Props › Pins,/react-globe/api/globe/,generated Props table,generate,onPinHover signature from the type (GAPS G-05).
packages/globe/README.md,Props › Pins,/react-globe/pins/,## Basics + ### default vs DOM marker,port,
packages/globe/README.md,Props › Pins,/react-globe/pin-popups/,## Basics + ### placement,port,Default popup data-field convention.
packages/globe/README.md,Props › Pins,/react-globe/pin-clustering/,## Basics + ### threshold / ### radius,port,
packages/globe/README.md,Props › Connections,/react-globe/api/globe/,generated Props table,generate,
packages/globe/README.md,Props › Connections,/react-globe/connections/,## Basics + ### type / ### line style / ### animated,port,
packages/globe/README.md,Props › Lifecycle,/react-globe/api/globe/,generated Props table,generate,
packages/globe/README.md,Props › Lifecycle,/react-globe/error-handling/,## Basics,port,
packages/globe/README.md,GlobeHandle,/react-globe/api/globe-handle/,generated reference,generate,Hand-copied interface block retired after Phase 4.
packages/globe/README.md,GlobeHandle,/react-globe/camera-api/,## Basics,port,
packages/globe/README.md,GlobeHandle,/react-globe/auto-rotate/,## Basics,port,
packages/globe/README.md,GlobeHandle,/react-globe/screen-projection/,## Basics,port,
packages/globe/README.md,Render overrides,/react-globe/customization/overriding-components/,body,port,
packages/globe/README.md,Render overrides,"/react-globe/pins/ /react-globe/pin-popups/ /react-globe/pin-clustering/ /react-globe/connections/ /react-globe/controls/",## Customization,split,One override example per capability page.
packages/globe/README.md,Theming,/react-globe/customization/theming/,body,port,Token table → generate once a token manifest exists (GAPS G-06).
packages/globe/README.md,Assets,/react-globe/custom-assets/,## Basics + ## Limitations,port,
packages/globe/README.md,Assets › Sources,/react-globe/resources/bundled-data/,body,port,
packages/globe/README.md,Performance contract,/react-globe/guides/performance/,body,port,Unmeasured figures stay TODO (GAPS G-07).
packages/globe/README.md,Accessibility,/react-globe/guides/accessibility/,body,port,
README.md,Layout,— (stays in repository),—,port,Contributor docs.
README.md,Development,— (stays in repository),—,port,Contributor docs.
README.md,Releasing,— (stays in repository),—,port,Contributor docs.
README.md,Data sources,/react-globe/resources/bundled-data/,body,merge,Merged with package README › Assets › Sources.
README.md,License,— (shared footer),—,port,
packages/globe/README.md,Localization,/react-globe/localization/,## Basics + ### built-in locales / ### overriding strings / ### other languages,port,Added after Phase 2 (C-26).
packages/globe/README.md,Localization,/react-globe/api/globe/,generated Props table (locale / messages),generate,
packages/globe/README.md,Localization,/react-globe/guides/localization/,body,port,Adding a language beyond the six built-in ones.
