legacy_url,content_type_found,target_archetype,target_url,action,redirect,notes
https://github.com/kiralygyula92/react-globe,how-to,— (repository README; stays),/react-globe/resources/bundled-data/,split,none — URL stays live (EXCEPTIONS E-03),"'Data sources' → Resources › Bundled data. Layout, Development, Releasing stay in the repository as contributor docs (not product docs). 'License' → shared footer. README gains a link to /react-globe/. Heading-level detail in section-map.csv."
https://github.com/kiralygyula92/react-globe/blob/main/packages/globe/README.md,reference,A (Overview) + B (capability) + E (reference) + F (getting started),/react-globe/,split,none — URL stays live (EXCEPTIONS E-03),"Mega-page (9 H2, 2480 words) split across ~30 target pages; hand-written tables (Props x7, GlobeHandle, Theming tokens) → generate (retire hand-written copies after Phase 4). After Phase 5 the README keeps install + minimal usage + link to /react-globe/ (also the npm page). Heading-level detail in section-map.csv."
https://github.com/kiralygyula92/react-globe/blob/main/packages/globe/CHANGELOG.md,changelog,I (Editorial › Changelog),/react-globe/discover-more/changelog/,port,none — URL stays live (EXCEPTIONS E-03),"CHANGELOG.md remains the single source (shipped in the npm tarball); the docs page renders it."
https://github.com/kiralygyula92/react-globe/blob/main/LICENSE,legal,— (shared footer › Company),https://github.com/kiralygyula92/react-globe/blob/main/LICENSE,port,none — URL stays live (EXCEPTIONS E-03),Linked from the shared footer and Getting started › Support; file unchanged.
https://github.com/kiralygyula92/react-globe/blob/main/packages/globe/LICENSE,legal,— (shipped in npm tarball),https://github.com/kiralygyula92/react-globe/blob/main/LICENSE,merge,none — URL stays live (EXCEPTIONS E-03),Byte-identical copy required inside the package; docs link only to the root LICENSE.
http://localhost:5173/,capability,C/B demos (Demos › Playground),/react-globe/demos/playground/,port,/react-globe/demos/playground/,"Never publicly hosted. Whole-API playground becomes the Demos scenario page; its per-feature pieces (assets.csv A-02..A-12) become colocated demos on capability pages in Phase 5."
http://localhost:5173/blank,orphan,—,/react-globe/demos/playground/,retire,/react-globe/demos/playground/,"Test fixture for the unmount e2e test; never public, no traffic. Remains in apps/demo as test infrastructure (GAPS G-15)."
docs/globe-package/README.md @ a2ec317,how-to,—,/react-globe/,retire,/react-globe/ (nominal — no route ever existed; EXCEPTIONS E-04),"Never published; removed by owner in 7f39b13 because it described the originating application. Not ported (GAPS G-14)."
docs/globe-package/00-OVERVIEW.md @ a2ec317,how-to,—,/react-globe/,retire,/react-globe/ (nominal — no route ever existed; EXCEPTIONS E-04),Never published; not ported (GAPS G-14).
docs/globe-package/01-PUBLIC-API.md @ a2ec317,reference,—,/react-globe/,retire,/react-globe/ (nominal — no route ever existed; EXCEPTIONS E-04),Never published; not ported. Superseded by generated reference (GAPS G-14).
docs/globe-package/02-ARCHITECTURE.md @ a2ec317,reference,—,/react-globe/,retire,/react-globe/ (nominal — no route ever existed; EXCEPTIONS E-04),Never published; not ported (GAPS G-14).
docs/globe-package/03-RENDER-STYLES.md @ a2ec317,reference,—,/react-globe/,retire,/react-globe/ (nominal — no route ever existed; EXCEPTIONS E-04),Never published; not ported (GAPS G-14).
docs/globe-package/04-ASSETS.md @ a2ec317,reference,—,/react-globe/,retire,/react-globe/ (nominal — no route ever existed; EXCEPTIONS E-04),"Never published; not ported; superseded by the public-domain asset set (GAPS G-14)."
docs/globe-package/05-DEMO-APP.md @ a2ec317,how-to,—,/react-globe/,retire,/react-globe/ (nominal — no route ever existed; EXCEPTIONS E-04),Never published; not ported (GAPS G-14).
docs/globe-package/06-TESTING.md @ a2ec317,how-to,—,/react-globe/,retire,/react-globe/ (nominal — no route ever existed; EXCEPTIONS E-04),Never published; not ported (GAPS G-14).
docs/globe-package/07-PACKAGING.md @ a2ec317,how-to,—,/react-globe/,retire,/react-globe/ (nominal — no route ever existed; EXCEPTIONS E-04),Never published; not ported (GAPS G-14).
docs/globe-package/08-CONSUMER-GUIDE.md @ a2ec317,install,—,/react-globe/,retire,/react-globe/ (nominal — no route ever existed; EXCEPTIONS E-04),Never published; not ported (GAPS G-14).
/react-globe/getting-started/,—,A (Overview),/react-globe/,rewrite,/react-globe/,"Not a legacy URL: reserved so R2's bare section path resolves to the Overview, which PPDS §3/§5 place at /react-globe/ (EXCEPTIONS E-05)."
